Model,Accuracy
Decision Tree,0.6768361581920904
Random Forest,0.7604519774011299
